曲线名称,日期,3月,6月,1年,3年,5年,7年,10年,30年
中债国债收益率曲线,2020-02-04,1.7475,1.763,2.1,2.4056,2.6399,2.7906,2.8551,3.4488
中债国债收益率曲线,2020-02-05,1.7475,1.7667,2.0773,2.4264,2.6348,2.7893,2.844,3.446
中债国债收益率曲线,2020-02-06,1.7496,1.7667,2.0593,2.4327,2.6353,2.7844,2.8392,3.4437
中债国债收益率曲线,2020-02-07,1.6786,1.68,2.0525,2.4039,2.5917,2.7666,2.8024,3.4059
中债国债收益率曲线,2020-02-10,1.6272,1.6641,2.0,2.3851,2.5642,2.756,2.7872,3.3993
中债国债收益率曲线,2020-02-11,1.6263,1.684,1.99,2.4153,2.5956,2.7803,2.834,3.4363
中债国债收益率曲线,2020-02-12,1.657,1.7046,1.99,2.4223,2.6067,2.7887,2.8333,3.4389
中债国债收益率曲线,2020-02-13,1.6325,1.7366,1.981,2.4218,2.6076,2.7867,2.8201,3.432
中债国债收益率曲线,2020-02-14,1.6712,1.7977,1.9613,2.4225,2.6229,2.7977,2.8631,3.4659
中债国债收益率曲线,2020-02-17,1.705,1.815,1.9358,2.4389,2.6545,2.8151,2.8928,3.4998
中债国债收益率曲线,2020-02-18,1.744,1.8151,1.9358,2.4303,2.6473,2.8199,2.8664,3.4748
中债国债收益率曲线,2020-02-19,1.7535,1.7999,1.9365,2.4395,2.6545,2.8468,2.8776,3.4748
中债国债收益率曲线,2020-02-20,1.7741,1.8093,1.9459,2.4268,2.6834,2.8483,2.8857,3.4999
中债国债收益率曲线,2020-02-21,1.7744,1.8031,1.9309,2.4068,2.6634,2.8332,2.847,3.46
中债国债收益率曲线,2020-02-24,1.7795,1.8174,1.8853,2.3948,2.6311,2.8199,2.812,3.4309
中债国债收益率曲线,2020-02-25,1.7715,1.8401,1.8951,2.3835,2.6384,2.82,2.822,3.4421
中债国债收益率曲线,2020-02-26,1.7556,1.8488,1.8863,2.3835,2.6283,2.8196,2.7973,3.4271
中债国债收益率曲线,2020-02-27,1.751,1.8922,1.9051,2.3821,2.5953,2.8044,2.7702,3.404
中债国债收益率曲线,2020-02-28,1.7865,1.8894,1.9291,2.3831,2.5266,2.7477,2.7376,3.3726
中债国债收益率曲线,2020-03-02,1.7825,1.8871,1.9251,2.3951,2.5372,2.7548,2.7428,3.3836
中债国债收益率曲线,2020-03-03,1.7831,1.8671,1.958,2.4051,2.5315,2.7646,2.7478,3.3846
中债国债收益率曲线,2020-03-04,1.7534,1.8522,1.943,2.295,2.4843,2.6946,2.673,3.3425
中债国债收益率曲线,2020-03-05,1.7547,1.8476,1.943,2.2815,2.4918,2.6898,2.6829,3.353
中债国债收益率曲线,2020-03-06,1.6886,1.75,1.913,2.2265,2.4575,2.6231,2.628,3.3061
中债国债收益率曲线,2020-03-09,1.6523,1.6903,1.8806,2.1465,2.3606,2.5158,2.5205,3.1449
中债国债收益率曲线,2020-03-10,1.6661,1.6991,1.9068,2.187,2.4591,2.6102,2.613,3.2398
中债国债收益率曲线,2020-03-11,1.7001,1.7211,1.9154,2.2267,2.4539,2.6148,2.6079,3.2118
中债国债收益率曲线,2020-03-12,1.6994,1.7625,1.9166,2.2471,2.4769,2.6352,2.6379,3.2277
中债国债收益率曲线,2020-03-13,1.6705,1.7953,1.9234,2.2572,2.5381,2.695,2.6759,3.3002
中债国债收益率曲线,2020-03-16,1.6802,1.7573,1.8954,2.2511,2.5224,2.6871,2.6758,3.2832
中债国债收益率曲线,2020-03-17,1.627,1.7622,1.8954,2.2507,2.5508,2.7044,2.7135,3.34
中债国债收益率曲线,2020-03-18,1.6002,1.7673,1.9154,2.2612,2.5443,2.7063,2.7136,3.355
中债国债收益率曲线,2020-03-19,1.5704,1.7607,1.8853,2.251,2.5546,2.7236,2.7299,3.3701
中债国债收益率曲线,2020-03-20,1.5168,1.7049,1.8682,2.2429,2.5217,2.6999,2.6815,3.3301
中债国债收益率曲线,2020-03-23,1.516,1.6749,1.8482,2.2032,2.4672,2.6591,2.6315,3.2753
中债国债收益率曲线,2020-03-24,1.516,1.6348,1.8081,2.1639,2.4497,2.6495,2.6289,3.2704
中债国债收益率曲线,2020-03-25,1.4522,1.6288,1.7686,2.1265,2.4373,2.6444,2.6289,3.2604
中债国债收益率曲线,2020-03-26,1.4003,1.5773,1.7175,2.0824,2.3714,2.5949,2.594,3.2255
中债国债收益率曲线,2020-03-27,1.4026,1.5273,1.7412,2.0713,2.4038,2.6074,2.609,3.2405
中债国债收益率曲线,2020-03-30,1.4097,1.4777,1.7362,2.0454,2.3828,2.6148,2.6142,3.2408
中债国债收益率曲线,2020-03-31,1.4062,1.4282,1.687,2.0086,2.3372,2.5638,2.5899,3.2107
中债国债收益率曲线,2020-04-01,1.3001,1.4282,1.6778,1.9821,2.3119,2.5287,2.555,3.1857
中债国债收益率曲线,2020-04-02,1.2837,1.3827,1.6548,2.0093,2.3366,2.5552,2.5854,3.2208
中债国债收益率曲线,2020-04-03,1.2386,1.32,1.6548,2.0076,2.3142,2.5546,2.5965,3.2507
中债国债收益率曲线,2020-04-07,1.0998,1.1,1.3448,1.7925,2.1776,2.4736,2.5112,3.1761
中债国债收益率曲线,2020-04-08,1.05,1.06,1.2044,1.6958,2.0454,2.4077,2.4824,3.161
中债国债收益率曲线,2020-04-09,1.0501,1.0806,1.2044,1.7177,2.0776,2.4479,2.5226,3.2313
中债国债收益率曲线,2020-04-10,1.1026,1.1101,1.24,1.7615,2.115,2.4673,2.5403,3.271
中债国债收益率曲线,2020-04-13,1.1112,1.1164,1.2643,1.7569,2.0717,2.4863,2.5658,3.2762
中债国债收益率曲线,2020-04-14,1.0905,1.1328,1.2331,1.7035,2.0423,2.4735,2.5591,3.2835
中债国债收益率曲线,2020-04-15,1.0501,1.1271,1.225,1.6604,2.028,2.4535,2.5455,3.2911
中债国债收益率曲线,2020-04-16,1.005,1.0907,1.2088,1.6392,2.0236,2.4379,2.5276,3.2765
中债国债收益率曲线,2020-04-17,0.9319,1.0987,1.2257,1.6271,2.0293,2.4595,2.559,3.306
中债国债收益率曲线,2020-04-20,0.9075,1.0675,1.2025,1.605,2.0262,2.4912,2.592,3.3753
中债国债收益率曲线,2020-04-21,0.8562,1.0318,1.1826,1.5561,1.9871,2.4775,2.5791,3.361
中债国债收益率曲线,2020-04-22,0.8944,1.0272,1.1352,1.521,1.8665,2.4475,2.5567,3.3412
中债国债收益率曲线,2020-04-23,0.856,1.0129,1.1228,1.4707,1.8372,2.3564,2.5227,3.2916
中债国债收益率曲线,2020-04-24,0.8581,1.0165,1.1279,1.4082,1.8385,2.3273,2.51,3.2817
中债国债收益率曲线,2020-04-26,0.8591,1.0192,1.1324,1.4076,1.8424,2.3376,2.5205,3.2842
中债国债收益率曲线,2020-04-27,0.8408,1.0088,1.13,1.4182,1.8633,2.3769,2.5345,3.3043
中债国债收益率曲线,2020-04-28,0.8408,0.9938,1.1338,1.4095,1.8463,2.3646,2.5254,3.3019
中债国债收益率曲线,2020-04-29,0.8352,0.9692,1.1177,1.4279,1.7903,2.3253,2.5009,3.287
中债国债收益率曲线,2020-04-30,0.8923,0.9978,1.1465,1.4395,1.7886,2.3639,2.538,3.3242
中债国债收益率曲线,2020-05-06,0.9068,1.0121,1.1616,1.5006,1.8361,2.4291,2.5809,3.3669
中债国债收益率曲线,2020-05-07,0.8785,1.0774,1.1919,1.5304,1.926,2.5003,2.6298,3.4063
中债国债收益率曲线,2020-05-08,0.9085,1.05,1.2134,1.5519,1.9362,2.4888,2.6207,3.4063
中债国债收益率曲线,2020-05-09,0.9297,1.0618,1.2097,1.5641,1.9468,2.5004,2.64,3.4213
中债国债收益率曲线,2020-05-11,0.9601,1.0829,1.2194,1.6117,2.0187,2.5481,2.6698,3.4564
中债国债收益率曲线,2020-05-12,0.9309,1.0707,1.2225,1.6023,2.0247,2.5381,2.6603,3.4514
中债国债收益率曲线,2020-05-13,1.0002,1.1281,1.2381,1.6004,2.051,2.5627,2.7076,3.4802
中债国债收益率曲线,2020-05-14,1.0005,1.1552,1.2334,1.5961,2.0131,2.5575,2.6989,3.489
中债国债收益率曲线,2020-05-15,1.0076,1.157,1.2186,1.58,1.9702,2.5281,2.682,3.4963
中债国债收益率曲线,2020-05-18,1.0414,1.1701,1.2561,1.6105,2.0592,2.5946,2.7253,3.5434
中债国债收益率曲线,2020-05-19,1.0307,1.2016,1.2787,1.6296,2.1163,2.6157,2.7272,3.5362
中债国债收益率曲线,2020-05-20,1.1012,1.2378,1.3128,1.629,2.1278,2.6106,2.69,3.5118
中债国债收益率曲线,2020-05-21,1.1032,1.2465,1.3328,1.6716,2.1576,2.6092,2.685,3.5072
中债国债收益率曲线,2020-05-22,1.1202,1.3009,1.3923,1.6368,2.045,2.5268,2.6176,3.4434
中债国债收益率曲线,2020-05-25,1.1665,1.3261,1.4574,1.7059,2.1377,2.5931,2.6852,3.4934
中债国债收益率曲线,2020-05-26,1.172,1.3604,1.529,1.7614,2.2295,2.6551,2.7402,3.5283
中债国债收益率曲线,2020-05-27,1.4074,1.5046,1.589,1.922,2.2956,2.6858,2.7527,3.5181
中债国债收益率曲线,2020-05-28,1.4198,1.5134,1.5995,1.8999,2.2562,2.6749,2.7201,3.5033
中债国债收益率曲线,2020-05-29,1.4627,1.5542,1.601,1.8938,2.2241,2.6371,2.7053,3.4934
中债国债收益率曲线,2020-06-01,1.458,1.5543,1.5897,1.902,2.2369,2.6643,2.7253,3.5035
中债国债收益率曲线,2020-06-02,1.4821,1.6133,1.7018,2.039,2.3658,2.7436,2.7852,3.5584
中债国债收益率曲线,2020-06-03,1.6675,1.8133,1.8201,2.2858,2.372,2.8643,2.7901,3.5685
中债国债收益率曲线,2020-06-04,1.6879,1.9133,1.9201,2.3296,2.4656,2.885,2.8301,3.5934
中债国债收益率曲线,2020-06-05,1.7652,2.0179,2.0801,2.3856,2.5258,2.9,2.8475,3.6034
中债国债收益率曲线,2020-06-08,1.8743,1.9905,2.0801,2.3492,2.4969,2.8525,2.8101,3.5837
中债国债收益率曲线,2020-06-09,1.8469,1.9766,2.0521,2.301,2.5002,2.85,2.8031,3.5863
中债国债收益率曲线,2020-06-10,1.9026,2.0009,2.0677,2.3342,2.5134,2.84,2.8201,3.5837
中债国债收益率曲线,2020-06-11,1.8991,1.9584,2.0723,2.3127,2.4818,2.8,2.7701,3.5236
中债国债收益率曲线,2020-06-12,1.8698,1.8504,2.0504,2.2931,2.469,2.785,2.7451,3.5012
中债国债收益率曲线,2020-06-15,1.84,1.8504,2.0364,2.2881,2.5118,2.7802,2.7878,3.5236
中债国债收益率曲线,2020-06-16,1.8401,1.9537,2.0757,2.3572,2.5993,2.88,2.8402,3.5736
中债国债收益率曲线,2020-06-17,1.9009,2.1384,2.1117,2.3925,2.6455,2.93,2.8802,3.5972
中债国债收益率曲线,2020-06-18,1.8806,2.1339,2.1156,2.3811,2.6136,2.88,2.8527,3.5836
中债国债收益率曲线,2020-06-19,1.8239,2.1337,2.1203,2.4004,2.6227,2.88,2.8752,3.6112
中债国债收益率曲线,2020-06-22,1.8621,2.1749,2.145,2.4608,2.6681,2.9055,2.9153,3.626
中债国债收益率曲线,2020-06-23,1.9054,2.1921,2.223,2.4776,2.6517,2.915,2.9127,3.6235
中债国债收益率曲线,2020-06-24,1.8839,2.1215,2.1495,2.439,2.5861,2.87,2.8614,3.5888
中债国债收益率曲线,2020-06-28,1.8691,2.1217,2.1261,2.4333,2.5723,2.855,2.8404,3.574
中债国债收益率曲线,2020-06-29,1.7467,2.0905,2.1144,2.3967,2.591,2.8525,2.8504,3.5916
中债国债收益率曲线,2020-06-30,1.7385,2.071,2.1764,2.3882,2.5542,2.8202,2.823,3.5591
中债国债收益率曲线,2020-07-01,1.7067,2.0579,2.1276,2.4036,2.5976,2.8265,2.8456,3.5766
中债国债收益率曲线,2020-07-02,1.7299,2.0599,2.0976,2.3897,2.5753,2.8228,2.8584,3.579
中债国债收益率曲线,2020-07-03,1.7016,2.0487,2.0976,2.3878,2.6084,2.8628,2.8974,3.6139
中债国债收益率曲线,2020-07-06,1.719,2.0792,2.1263,2.6016,2.751,2.9676,2.9959,3.6887
中债国债收益率曲线,2020-07-07,1.7455,2.0785,2.1513,2.6276,2.7925,2.9922,3.0158,3.7087
中债国债收益率曲线,2020-07-08,1.8606,2.0868,2.16,2.6679,2.8522,2.996,3.0632,3.7435
中债国债收益率曲线,2020-07-09,1.9821,2.1284,2.2256,2.7143,2.8995,3.0618,3.0809,3.7687
中债国债收益率曲线,2020-07-10,2.1012,2.11,2.2165,2.6894,2.8423,3.0209,3.0305,3.7439
中债国债收益率曲线,2020-07-13,2.1063,2.1151,2.208,2.7154,2.8905,3.0599,3.0557,3.759
中债国债收益率曲线,2020-07-14,2.0499,2.0502,2.198,2.6959,2.8272,3.0323,3.0057,3.737
中债国债收益率曲线,2020-07-15,2.0321,2.0415,2.2,2.6051,2.7402,3.0098,2.9559,3.7048
中债国债收益率曲线,2020-07-16,2.0242,2.0619,2.1534,2.5541,2.7133,2.9798,2.9459,3.6949
中债国债收益率曲线,2020-07-17,2.0296,2.0512,2.2256,2.5141,2.7022,2.9799,2.9507,3.6998
中债国债收益率曲线,2020-07-20,1.9934,2.0439,2.254,2.5256,2.67,2.9797,2.9311,3.6953
中债国债收益率曲线,2020-07-21,1.9876,2.0133,2.2455,2.4641,2.6326,2.9348,2.9011,3.6653
中债国债收益率曲线,2020-07-22,2.0001,1.9936,2.2552,2.4655,2.6253,2.885,2.8861,3.6402
中债国债收益率曲线,2020-07-23,1.9642,2.0234,2.2538,2.4862,2.6379,2.8832,2.9064,3.66
中债国债收益率曲线,2020-07-24,1.9613,2.0048,2.2446,2.4556,2.5999,2.8513,2.8612,3.6
中债国债收益率曲线,2020-07-27,1.9507,2.0157,2.2461,2.4769,2.6284,2.8538,2.8791,3.5973
中债国债收益率曲线,2020-07-28,2.005,2.0306,2.2565,2.481,2.6762,2.9028,2.9214,3.6449
中债国债收益率曲线,2020-07-29,1.9994,2.0336,2.2459,2.5069,2.6829,2.9229,2.9415,3.6645
中债国债收益率曲线,2020-07-30,1.9799,2.0336,2.2461,2.5061,2.6794,2.9424,2.9364,3.6648
中债国债收益率曲线,2020-07-31,1.9799,2.0836,2.2428,2.5152,2.7022,2.97,2.9664,3.7031
中债国债收益率曲线,2020-08-03,1.9415,2.0836,2.1565,2.5443,2.6845,2.9896,2.9466,3.6945
中债国债收益率曲线,2020-08-04,2.0142,2.1236,2.1746,2.5867,2.7007,2.9845,2.9365,3.6945
中债国债收益率曲线,2020-08-05,2.05,2.1949,2.2288,2.662,2.7638,3.0169,2.9592,3.718
中债国债收益率曲线,2020-08-06,2.0604,2.2052,2.2356,2.6788,2.8211,3.0345,2.9816,3.7498
中债国债收益率曲线,2020-08-07,2.0615,2.2092,2.2225,2.687,2.8311,3.0393,2.9918,3.7685
中债国债收益率曲线,2020-08-10,2.0812,2.2092,2.2001,2.6667,2.806,3.0094,2.9543,3.7255
中债国债收益率曲线,2020-08-11,2.0889,2.195,2.2213,2.6781,2.8267,3.0093,2.9544,3.7198
中债国债收益率曲线,2020-08-12,2.1467,2.235,2.2415,2.7177,2.865,3.0242,2.962,3.7293
中债国债收益率曲线,2020-08-13,2.1485,2.2458,2.2522,2.6967,2.8397,3.0093,2.9555,3.7198
中债国债收益率曲线,2020-08-14,2.1319,2.2968,2.2744,2.6746,2.8209,2.9943,2.9369,3.7021
中债国债收益率曲线,2020-08-17,2.1242,2.2891,2.265,2.6926,2.8106,2.9795,2.9421,3.6949
中债国债收益率曲线,2020-08-18,2.1174,2.2909,2.2754,2.6975,2.8458,2.9997,2.9771,3.7189
中债国债收益率曲线,2020-08-19,2.1536,2.3897,2.4369,2.7303,2.8844,3.0343,2.9921,3.7342
中债国债收益率曲线,2020-08-20,2.1831,2.4698,2.4237,2.7677,2.9115,3.0591,2.9973,3.7448
中债国债收益率曲线,2020-08-21,2.1961,2.4829,2.4336,2.7518,2.8754,3.0291,2.9823,3.7112
中债国债收益率曲线,2020-08-24,2.2,2.4987,2.4437,2.7952,2.8976,3.0492,2.9998,3.7296
中债国债收益率曲线,2020-08-25,2.1698,2.5192,2.4742,2.8614,2.9454,3.0842,3.0424,3.7501
中债国债收益率曲线,2020-08-26,2.2027,2.5199,2.4854,2.8779,2.9751,3.0991,3.0511,3.7549
中债国债收益率曲线,2020-08-27,2.2199,2.5199,2.4961,2.9057,2.982,3.1189,3.0599,3.7643
中债国债收益率曲线,2020-08-28,2.2478,2.5043,2.4869,2.9077,2.9902,3.1387,3.0672,3.7748
中债国债收益率曲线,2020-08-31,2.2335,2.5297,2.5123,2.8928,2.9549,3.0983,3.0177,3.7343
中债国债收益率曲线,2020-09-01,2.2348,2.5199,2.5203,2.922,2.9811,3.1528,3.0478,3.7603
中债国债收益率曲线,2020-09-02,2.2755,2.5359,2.5563,2.9641,3.0526,3.2054,3.1027,3.7812
中债国债收益率曲线,2020-09-03,2.2779,2.5359,2.5712,2.9585,3.0842,3.1906,3.1051,3.7814
中债国债收益率曲线,2020-09-04,2.2795,2.5459,2.5885,2.9871,3.1008,3.2082,3.1228,3.803
中债国债收益率曲线,2020-09-07,2.3757,2.5909,2.6151,2.9968,3.1074,3.2085,3.1454,3.832
中债国债收益率曲线,2020-09-08,2.3633,2.58,2.5969,2.9862,3.0846,3.1958,3.123,3.8204
中债国债收益率曲线,2020-09-09,2.3873,2.6549,2.603,2.9363,3.0323,3.1531,3.0805,3.7891
中债国债收益率曲线,2020-09-10,2.3617,2.6,2.573,2.8839,2.999,3.1484,3.0833,3.8128
中债国债收益率曲线,2020-09-11,2.3232,2.6005,2.5964,2.9092,3.0371,3.1886,3.1346,3.8234
中债国债收益率曲线,2020-09-14,2.2859,2.5999,2.6051,2.8955,3.0608,3.1987,3.1532,3.8291
中债国债收益率曲线,2020-09-15,2.2871,2.5722,2.5934,2.8514,3.0008,3.1586,3.1083,3.81
中债国债收益率曲线,2020-09-16,2.3333,2.5683,2.6114,2.8457,2.9944,3.1785,3.126,3.8276
中债国债收益率曲线,2020-09-17,2.3316,2.577,2.6124,2.8566,3.0157,3.1933,3.1334,3.8251
中债国债收益率曲线,2020-09-18,2.3218,2.5771,2.6088,2.83,2.971,3.1682,3.1162,3.8301
中债国债收益率曲线,2020-09-21,2.2852,2.5782,2.6127,2.804,2.9414,3.1435,3.0999,3.8153
中债国债收益率曲线,2020-09-22,2.3201,2.5611,2.6082,2.8164,2.9374,3.1238,3.0863,3.8053
中债国债收益率曲线,2020-09-23,2.2718,2.5598,2.6282,2.8207,2.9433,3.1334,3.089,3.8103
中债国债收益率曲线,2020-09-24,2.2215,2.5677,2.5942,2.8422,2.955,3.1284,3.084,3.8029
中债国债收益率曲线,2020-09-25,2.2131,2.5677,2.6116,2.8754,3.0015,3.1589,3.1295,3.8329
中债国债收益率曲线,2020-09-27,2.2067,2.5613,2.6005,2.8825,3.0086,3.1544,3.1324,3.8305
中债国债收益率曲线,2020-09-28,2.215,2.5662,2.6075,2.8868,3.0007,3.1607,3.1092,3.8205
中债国债收益率曲线,2020-09-29,2.3109,2.6043,2.6381,2.8899,3.0245,3.1879,3.1292,3.833
中债国债收益率曲线,2020-09-30,2.3213,2.5999,2.6462,2.9301,3.0537,3.2126,3.1482,3.8481
中债国债收益率曲线,2020-10-09,2.3662,2.6009,2.7017,2.9897,3.1147,3.2619,3.1873,3.8834
中债国债收益率曲线,2020-10-10,2.3443,2.601,2.7017,2.9872,3.1144,3.2664,3.1898,3.8822
中债国债收益率曲线,2020-10-12,2.3747,2.6482,2.6937,3.0005,3.0893,3.2665,3.1861,3.8709
中债国债收益率曲线,2020-10-13,2.3731,2.6576,2.6959,3.0026,3.1072,3.2812,3.195,3.8835
中债国债收益率曲线,2020-10-14,2.5231,2.6999,2.7189,3.0188,3.1393,3.2915,3.215,3.8985
中债国债收益率曲线,2020-10-15,2.6124,2.6998,2.6882,3.019,3.1655,3.2921,3.23,3.9035
中债国债收益率曲线,2020-10-16,2.6137,2.6897,2.6961,3.0159,3.1557,3.2773,3.2202,3.9086
中债国债收益率曲线,2020-10-19,2.6213,2.6893,2.6973,2.997,3.131,3.2571,3.2005,3.9012
中债国债收益率曲线,2020-10-20,2.6238,2.6892,2.7047,2.9955,3.1196,3.2473,3.1955,3.8963
中债国债收益率曲线,2020-10-21,2.6355,2.6836,2.6848,2.9666,3.04,3.2324,3.1855,3.8888
中债国债收益率曲线,2020-10-22,2.6327,2.6823,2.6461,2.9255,2.98,3.2127,3.1707,3.8713
中债国债收益率曲线,2020-10-23,2.6359,2.6882,2.6821,2.96,3.0,3.2421,3.1957,3.8888
中债国债收益率曲线,2020-10-26,2.6453,2.6872,2.6917,2.9679,3.0077,3.2517,3.1934,3.8864
中债国债收益率曲线,2020-10-27,2.6459,2.7245,2.6867,2.9372,2.9702,3.2167,3.1609,3.8615
中债国债收益率曲线,2020-10-28,2.6631,2.7897,2.7228,2.959,2.9953,3.2558,3.181,3.8715
中债国债收益率曲线,2020-10-29,2.656,2.7695,2.7191,2.9524,2.9904,3.2558,3.186,3.874
中债国债收益率曲线,2020-10-30,2.662,2.7845,2.7273,2.9459,2.9755,3.2411,3.181,3.8615
中债国债收益率曲线,2020-11-02,2.6647,2.7794,2.7525,2.9462,2.9757,3.2364,3.1785,3.8465
中债国债收益率曲线,2020-11-03,2.6364,2.7392,2.7322,2.932,2.9633,3.2268,3.1762,3.8465
中债国债收益率曲线,2020-11-04,2.6591,2.739,2.7347,2.9378,2.9761,3.2073,3.1687,3.834
中债国债收益率曲线,2020-11-05,2.6633,2.7487,2.7481,2.9602,2.9986,3.2228,3.1912,3.8541
中债国债收益率曲线,2020-11-06,2.6513,2.7595,2.7832,2.9702,3.0341,3.2354,3.2063,3.8716
中债国债收益率曲线,2020-11-09,2.6578,2.7688,2.7944,2.9852,3.0572,3.2628,3.2363,3.8916
中债国债收益率曲线,2020-11-10,2.6564,2.7543,2.7882,2.9602,3.0426,3.2503,3.2241,3.8867
中债国债收益率曲线,2020-11-11,2.7113,2.8,2.8009,2.9702,3.0528,3.2584,3.2391,3.8942
中债国债收益率曲线,2020-11-12,2.756,2.8297,2.8287,2.9902,3.0832,3.283,3.2614,3.9016
中债国债收益率曲线,2020-11-13,2.7926,2.8599,2.8464,3.0053,3.0984,3.2885,3.2715,3.9066
中债国债收益率曲线,2020-11-16,2.6887,2.8298,2.8497,3.0109,3.1039,3.2956,3.2741,3.9041
中债国债收益率曲线,2020-11-17,2.6887,2.8348,2.8634,3.0259,3.1242,3.3034,3.2866,3.9116
中债国债收益率曲线,2020-11-18,2.7526,2.8676,2.94,3.0603,3.167,3.3292,3.324,3.9289
中债国债收益率曲线,2020-11-19,2.808,2.8843,2.9433,3.11,3.2145,3.3589,3.3487,3.9412
中债国债收益率曲线,2020-11-20,2.9216,3.0226,2.9503,3.1201,3.191,3.3385,3.31,3.9316
中债国债收益率曲线,2020-11-23,2.8924,2.9742,2.951,3.0751,3.1337,3.303,3.265,3.9018
中债国债收益率曲线,2020-11-24,2.9023,2.9942,2.969,3.1001,3.1691,3.3256,3.29,3.9041
中债国债收益率曲线,2020-11-25,2.9031,2.9999,2.9461,3.0754,3.134,3.3031,3.2675,3.8867
中债国债收益率曲线,2020-11-26,2.9279,2.9848,2.9357,3.0755,3.142,3.3134,3.285,3.8992
中债国债收益率曲线,2020-11-27,2.9274,2.9698,2.9104,3.0837,3.1522,3.3189,3.3,3.9041
中债国债收益率曲线,2020-11-30,2.8599,2.8903,2.831,2.9967,3.0708,3.2642,3.25,3.8668
中债国债收益率曲线,2020-12-01,2.8801,2.8203,2.8457,3.0061,3.0915,3.2843,3.2725,3.8817
中债国债收益率曲线,2020-12-02,2.8707,2.8403,2.8608,3.0519,3.125,3.2943,3.2925,3.8942
中债国债收益率曲线,2020-12-03,2.8616,2.8603,2.8761,3.0473,3.1305,3.28,3.2851,3.8816
中债国债收益率曲线,2020-12-04,2.8551,2.8738,2.8708,3.0348,3.1156,3.2701,3.2651,3.8566
中债国债收益率曲线,2020-12-07,2.834,2.8509,2.8614,3.042,3.1261,3.2738,3.2701,3.8545
中债国债收益率曲线,2020-12-08,2.8103,2.8315,2.8417,3.0115,3.1121,3.2575,3.2551,3.8313
中债国债收益率曲线,2020-12-09,2.7421,2.8014,2.8449,3.0097,3.1257,3.27,3.2726,3.8234
中债国债收益率曲线,2020-12-10,2.7135,2.7626,2.8047,2.9623,3.105,3.26,3.2601,3.8262
中债国债收益率曲线,2020-12-11,2.7221,2.8082,2.8334,2.9969,3.1403,3.3,3.2951,3.8434
中债国债收益率曲线,2020-12-14,2.6999,2.786,2.8245,2.9833,3.126,3.285,3.2851,3.8383
中债国债收益率曲线,2020-12-15,2.6754,2.7557,2.7888,2.9593,3.0989,3.2775,3.2777,3.8361
中债国债收益率曲线,2020-12-16,2.6,2.7227,2.7312,2.9271,3.0802,3.2702,3.2752,3.8361
中债国债收益率曲线,2020-12-17,2.6,2.6887,2.7273,2.9528,3.1025,3.2776,3.2802,3.8412
中债国债收益率曲线,2020-12-18,2.5802,2.6837,2.7267,2.9642,3.11,3.2804,3.2902,3.8283
中债国债收益率曲线,2020-12-21,2.533,2.6535,2.6919,2.9284,3.0735,3.2602,3.2652,3.8185
中债国债收益率曲线,2020-12-22,2.5113,2.6045,2.6695,2.901,3.0353,3.2156,3.2278,3.7862
中债国债收益率曲线,2020-12-23,2.4711,2.5884,2.6551,2.8885,3.0237,3.22,3.2153,3.7839
中债国债收益率曲线,2020-12-24,2.4806,2.567,2.6501,2.9097,3.0439,3.235,3.2303,3.8014
中债国债收益率曲线,2020-12-25,2.4739,2.57,2.6096,2.8856,3.003,3.195,3.1878,3.7743
中债国债收益率曲线,2020-12-28,2.4027,2.5667,2.5671,2.8552,2.9953,3.1851,3.1629,3.7571
中债国债收益率曲线,2020-12-29,2.3633,2.5165,2.5486,2.8505,2.9879,3.18,3.1554,3.7445
中债国债收益率曲线,2020-12-30,2.3502,2.5121,2.5036,2.7943,2.931,3.1451,3.1204,3.7172
中债国债收益率曲线,2020-12-31,2.2824,2.4316,2.4739,2.8174,2.9512,3.1699,3.1429,3.7268
中债国债收益率曲线,2021-01-04,2.1518,2.3646,2.4952,2.8784,2.9961,3.2124,3.178,3.7593
中债国债收益率曲线,2021-01-05,2.1029,2.3465,2.4714,2.84,2.9459,3.175,3.1305,3.7222
中债国债收益率曲线,2021-01-06,2.0034,2.2397,2.4109,2.7911,2.9335,3.145,3.1256,3.7197
中债国债收益率曲线,2021-01-07,1.9879,2.21,2.3568,2.768,2.9252,3.13,3.1256,3.7198
中债国债收益率曲线,2021-01-08,1.897,2.1675,2.3568,2.7768,2.9471,3.1525,3.1456,3.7372
中债国债收益率曲线,2021-01-11,1.8756,2.1172,2.3653,2.7939,2.9682,3.17,3.1632,3.7496
中债国债收益率曲线,2021-01-12,1.9029,2.13,2.335,2.7499,2.9452,3.1476,3.1457,3.7398
中债国债收益率曲线,2021-01-13,1.8825,2.0814,2.2914,2.6975,2.8987,3.1105,3.1157,3.7201
中债国债收益率曲线,2021-01-14,1.8529,2.0441,2.3405,2.7305,2.895,3.0918,3.1059,3.7076
中债国债收益率曲线,2021-01-15,1.8529,2.066,2.3843,2.7875,2.9634,3.1478,3.1508,3.7423
中债国债收益率曲线,2021-01-18,1.9013,2.125,2.45,2.8422,3.0078,3.1749,3.1658,3.7496
中债国债收益率曲线,2021-01-19,2.0313,2.1703,2.4859,2.8272,2.993,3.1601,3.1609,3.7472
中债国债收益率曲线,2021-01-20,2.0513,2.175,2.47,2.8014,2.9584,3.1491,3.161,3.7369
中债国债收益率曲线,2021-01-21,2.0318,2.1555,2.4475,2.76,2.9244,3.1216,3.1335,3.7198
中债国债收益率曲线,2021-01-22,2.0316,2.1355,2.4525,2.7645,2.9373,3.1112,3.1185,3.7156
